name,run,pred_in,actual_in,tp_in,fp_in,fn_in,precision_in,recall_in,f1_in,geh_in,pred_out,actual_out,tp_out,fp_out,fn_out,precision_out,recall_out,f1_out,geh_out,pred_total,actual_total,tp_total,fp_total,fn_total,precision_total,recall_total,f1_total,accuracy_total,geh_total
clip_1.mp4,1,12,12,12,0,0,1.0,1.0,1.0,0.0,12,13,12,0,1,1.0,0.9230769230769231,0.9600000000000001,0.282842712474619,24,25,24,0,1,1.0,0.96,0.9795918367346939,0.96,0.20203050891044214
clip_2.mp4,1,19,18,18,1,0,0.9473684210526315,1.0,0.972972972972973,0.23249527748763857,5,8,5,0,3,1.0,0.625,0.7692307692307693,1.1766968108291043,24,26,23,1,3,0.9583333333333334,0.8846153846153846,0.9199999999999999,0.9230769230769231,0.4
clip_3.mp4,1,8,13,8,0,5,1.0,0.6153846153846154,0.761904761904762,1.5430334996209192,4,4,4,0,0,1.0,1.0,1.0,0.0,12,17,12,0,5,1.0,0.7058823529411765,0.8275862068965517,0.7058823529411764,1.3130643285972254
clip_4.mp4,1,7,7,7,0,0,1.0,1.0,1.0,0.0,4,6,4,0,2,1.0,0.6666666666666666,0.8,0.8944271909999159,11,13,11,0,2,1.0,0.8461538461538461,0.9166666666666666,0.8461538461538461,0.5773502691896257
clip_5.mp4,1,10,13,10,0,3,1.0,0.7692307692307693,0.8695652173913044,0.8846517369293828,5,7,5,0,2,1.0,0.7142857142857143,0.8333333333333333,0.816496580927726,15,20,15,0,5,1.0,0.75,0.8571428571428571,0.75,1.1952286093343936
clip_6.mp4,1,19,26,19,0,7,1.0,0.7307692307692307,0.8444444444444443,1.4757295747452437,12,13,12,0,1,1.0,0.9230769230769231,0.9600000000000001,0.282842712474619,31,39,31,0,8,1.0,0.7948717948717948,0.8857142857142858,0.7948717948717949,1.3522468075656264
clip_6.mp4,2,19,26,19,0,7,1.0,0.7307692307692307,0.8444444444444443,1.4757295747452437,12,13,12,0,1,1.0,0.9230769230769231,0.9600000000000001,0.282842712474619,31,39,31,0,8,1.0,0.7948717948717948,0.8857142857142858,0.7948717948717949,1.3522468075656264
clip_6.mp4,3,26,26,26,0,0,1.0,1.0,1.0,0.0,9,13,9,0,4,1.0,0.6923076923076923,0.8181818181818181,1.2060453783110545,35,39,35,0,4,1.0,0.8974358974358975,0.945945945945946,0.8974358974358975,0.6575959492214292
clip_7.mp4,1,9,8,8,1,0,0.8888888888888888,1.0,0.9411764705882353,0.3429971702850177,5,7,5,0,2,1.0,0.7142857142857143,0.8333333333333333,0.816496580927726,14,15,13,1,2,0.9285714285714286,0.8666666666666667,0.896551724137931,0.9333333333333333,0.2626128657194451
clip_8.mp4,1,3,3,3,0,0,1.0,1.0,1.0,0.0,3,4,3,0,1,1.0,0.75,0.8571428571428571,0.5345224838248488,6,7,6,0,1,1.0,0.8571428571428571,0.923076923076923,0.8571428571428572,0.3922322702763681
clip_9.mp4,1,11,12,11,0,1,1.0,0.9166666666666666,0.9565217391304348,0.29488391230979427,4,6,4,0,2,1.0,0.6666666666666666,0.8,0.8944271909999159,15,18,15,0,3,1.0,0.8333333333333334,0.9090909090909091,0.8333333333333334,0.7385489458759964
clip_10.mp4,1,7,7,7,0,0,1.0,1.0,1.0,0.0,2,3,2,0,1,1.0,0.6666666666666666,0.8,0.6324555320336759,9,10,9,0,1,1.0,0.9,0.9473684210526316,0.9,0.3244428422615251
